시군구,연도,분기,기간,고령인구비율,세이상인구_평균,전체인구_평균
강릉시,2008,1,2008.1/4,12.77,28058.67,219891.67
강릉시,2008,2,2008.2/4,12.9,28297.0,219384.0
강릉시,2008,3,2008.3/4,12.97,28379.67,219011.0
강릉시,2008,4,2008.4/4,13.07,28580.67,218557.33
강릉시,2009,1,2009.1/4,13.3,28964.67,217929.0
강릉시,2009,2,2009.2/4,13.5,29331.0,217517.0
강릉시,2009,3,2009.3/4,13.57,29495.67,217568.67
강릉시,2009,4,2009.4/4,13.67,29763.67,217557.67
강릉시,2010,1,2010.1/4,13.87,30116.0,217300.33
강릉시,2010,2,2010.2/4,14.1,30562.67,216973.0
강릉시,2010,3,2010.3/4,14.2,30847.67,216862.33
강릉시,2010,4,2010.4/4,14.3,31226.33,218578.67
강릉시,2011,1,2011.1/4,14.37,31403.67,218322.33
강릉시,2011,2,2011.2/4,14.53,31648.0,217910.33
강릉시,2011,3,2011.3/4,14.67,31925.0,217914.0
강릉시,2011,4,2011.4/4,14.77,32153.0,217735.33
강릉시,2012,1,2012.1/4,14.93,32498.33,217698.0
강릉시,2012,2,2012.2/4,15.1,32884.33,217812.67
강릉시,2012,3,2012.3/4,15.23,33201.67,217732.0
강릉시,2012,4,2012.4/4,15.37,33518.33,217878.33
강릉시,2013,1,2013.1/4,15.6,33938.67,217312.0
강릉시,2013,2,2013.2/4,15.77,34250.33,217195.33
강릉시,2013,3,2013.3/4,15.9,34512.33,216956.0
강릉시,2013,4,2013.4/4,16.03,34759.33,216905.33
강릉시,2014,1,2014.1/4,16.27,35150.33,216386.67
강릉시,2014,2,2014.2/4,16.4,35466.67,216135.67
강릉시,2014,3,2014.3/4,16.57,35710.33,215790.33
강릉시,2014,4,2014.4/4,16.67,35964.67,215893.67
강릉시,2015,1,2015.1/4,16.8,36168.67,215380.33
강릉시,2015,2,2015.2/4,16.9,36397.0,215144.67
강릉시,2015,3,2015.3/4,17.03,36621.67,214883.33
강릉시,2015,4,2015.4/4,17.17,36859.67,214710.67
강릉시,2016,1,2016.1/4,17.33,37143.33,214201.67
강릉시,2016,2,2016.2/4,17.4,37314.0,214214.67
강릉시,2016,3,2016.3/4,17.5,37450.33,214061.67
강릉시,2016,4,2016.4/4,17.57,37614.0,213930.0
강릉시,2017,1,2017.1/4,17.83,38101.67,213650.67
강릉시,2017,2,2017.2/4,18.2,38824.67,213766.0
강릉시,2017,3,2017.3/4,18.37,39301.0,213718.33
강릉시,2017,4,2017.4/4,18.53,39688.33,213963.67
강릉시,2018,1,2018.1/4,18.77,40042.0,213386.0
강릉시,2018,2,2018.2/4,18.97,40437.33,213168.67
강릉시,2018,3,2018.3/4,19.17,40759.0,212743.0
강릉시,2018,4,2018.4/4,19.33,41103.67,212833.67
강릉시,2019,1,2019.1/4,19.5,41542.33,212823.33
강릉시,2019,2,2019.2/4,19.73,42040.33,213223.67
강릉시,2019,3,2019.3/4,19.93,42514.67,213404.33
강릉시,2019,4,2019.4/4,20.13,42967.33,213510.67
강릉시,2020,1,2020.1/4,20.5,43673.67,213248.0
강릉시,2020,2,2020.2/4,20.8,44319.0,212943.0
강릉시,2020,3,2020.3/4,21.0,44791.0,212989.33
강릉시,2020,4,2020.4/4,21.27,45337.0,213193.33
강릉시,2021,1,2021.1/4,21.5,45868.33,213184.0
강릉시,2021,2,2021.2/4,21.7,46167.0,212785.0
강릉시,2021,3,2021.3/4,21.83,46558.67,213044.33
강릉시,2021,4,2021.4/4,22.1,47122.33,213071.0
강릉시,2022,1,2022.1/4,22.47,47788.0,212772.0
강릉시,2022,2,2022.2/4,22.73,48309.33,212405.67
강릉시,2022,3,2022.3/4,23.0,48814.0,212075.33
강릉시,2022,4,2022.4/4,23.33,49393.67,211554.67
강릉시,2023,1,2023.1/4,23.7,50001.33,210925.67
강릉시,2023,2,2023.2/4,24.0,50561.0,210548.0
강릉시,2023,3,2023.3/4,24.3,50991.67,210165.33
강릉시,2023,4,2023.4/4,24.6,51514.33,209635.67
강릉시,2024,1,2024.1/4,25.0,52230.67,208971.0
강릉시,2024,2,2024.2/4,25.4,52918.33,208542.0
강릉시,2024,3,2024.3/4,25.63,53394.0,208171.0
강릉시,2024,4,2024.4/4,26.0,54025.67,207818.67
강릉시,2025,1,2025.1/4,26.43,54808.67,207412.0
강릉시,2025,2,2025.2/4,26.8,55487.33,207027.0
강릉시,2025,3,2025.3/4,27.1,56089.33,206908.0
강릉시,2025,4,2025.4/4,27.47,56739.33,206503.0
강릉시,2026,1,2026.1/4,27.93,57481.0,205917.33
고성군,2008,1,2008.1/4,19.0,5741.33,30246.67
고성군,2008,2,2008.2/4,19.23,5818.33,30237.0
고성군,2008,3,2008.3/4,19.37,5851.33,30243.33
고성군,2008,4,2008.4/4,19.47,5872.67,30197.67
고성군,2009,1,2009.1/4,19.5,5892.0,30179.67
고성군,2009,2,2009.2/4,19.67,5962.33,30348.0
고성군,2009,3,2009.3/4,19.8,5992.33,30282.33
고성군,2009,4,2009.4/4,19.97,6051.67,30298.67
고성군,2010,1,2010.1/4,20.2,6102.67,30218.33
고성군,2010,2,2010.2/4,20.37,6163.0,30253.67
고성군,2010,3,2010.3/4,20.57,6199.67,30115.0
고성군,2010,4,2010.4/4,20.67,6240.33,30152.0
고성군,2011,1,2011.1/4,20.93,6280.0,30001.33
고성군,2011,2,2011.2/4,21.07,6333.67,30065.67
고성군,2011,3,2011.3/4,21.3,6401.67,30086.33
고성군,2011,4,2011.4/4,21.4,6431.67,30029.67
고성군,2012,1,2012.1/4,21.5,6475.0,30105.33
고성군,2012,2,2012.2/4,21.53,6521.33,30322.67
고성군,2012,3,2012.3/4,21.7,6546.33,30202.33
고성군,2012,4,2012.4/4,21.87,6582.33,30064.33
고성군,2013,1,2013.1/4,22.2,6620.33,29833.0
고성군,2013,2,2013.2/4,22.2,6672.33,30043.67
고성군,2013,3,2013.3/4,22.23,6717.0,30236.0
고성군,2013,4,2013.4/4,22.27,6757.33,30321.33
고성군,2014,1,2014.1/4,22.47,6778.0,30179.33
고성군,2014,2,2014.2/4,22.6,6818.67,30164.0
고성군,2014,3,2014.3/4,22.83,6855.33,30001.67
고성군,2014,4,2014.4/4,22.93,6877.0,30009.67
고성군,2015,1,2015.1/4,23.03,6894.0,29921.67
고성군,2015,2,2015.2/4,23.07,6915.67,29933.33
고성군,2015,3,2015.3/4,23.3,6933.33,29723.33
고성군,2015,4,2015.4/4,23.5,6959.0,29641.0
고성군,2016,1,2016.1/4,23.83,7010.33,29425.0
고성군,2016,2,2016.2/4,24.03,7039.0,29303.67
고성군,2016,3,2016.3/4,24.27,7058.33,29100.67
고성군,2016,4,2016.4/4,24.17,7096.0,29329.0
고성군,2017,1,2017.1/4,24.33,7132.33,29269.67
고성군,2017,2,2017.2/4,24.73,7181.33,29060.0
고성군,2017,3,2017.3/4,24.87,7213.67,29011.0
고성군,2017,4,2017.4/4,24.93,7258.0,29099.33
고성군,2018,1,2018.1/4,25.13,7302.0,29048.67
고성군,2018,2,2018.2/4,25.53,7321.33,28662.0
고성군,2018,3,2018.3/4,25.93,7357.67,28384.0
고성군,2018,4,2018.4/4,26.3,7395.0,28164.67
고성군,2019,1,2019.1/4,26.73,7476.67,27972.0
고성군,2019,2,2019.2/4,27.07,7498.0,27687.67
고성군,2019,3,2019.3/4,27.57,7554.67,27392.0
고성군,2019,4,2019.4/4,27.97,7624.33,27260.67
고성군,2020,1,2020.1/4,28.53,7737.0,27103.0
고성군,2020,2,2020.2/4,29.0,7813.67,26922.0
고성군,2020,3,2020.3/4,29.33,7877.33,26837.0
고성군,2020,4,2020.4/4,29.67,7939.0,26778.67
고성군,2021,1,2021.1/4,30.0,8005.67,26721.33
고성군,2021,2,2021.2/4,30.03,8070.67,26849.33
고성군,2021,3,2021.3/4,30.1,8130.67,26982.0
고성군,2021,4,2021.4/4,30.27,8215.67,27127.33
고성군,2022,1,2022.1/4,30.4,8307.33,27316.33
고성군,2022,2,2022.2/4,30.57,8364.0,27365.67
고성군,2022,3,2022.3/4,30.83,8421.33,27297.0
고성군,2022,4,2022.4/4,31.1,8501.33,27329.0
고성군,2023,1,2023.1/4,31.53,8574.67,27181.67
고성군,2023,2,2023.2/4,31.67,8630.33,27230.67
고성군,2023,3,2023.3/4,31.8,8681.33,27315.33
고성군,2023,4,2023.4/4,32.07,8763.67,27325.67
고성군,2024,1,2024.1/4,32.43,8837.0,27258.33
고성군,2024,2,2024.2/4,32.73,8905.33,27195.67
고성군,2024,3,2024.3/4,33.2,8995.33,27096.67
고성군,2024,4,2024.4/4,33.63,9085.0,27014.0
고성군,2025,1,2025.1/4,34.23,9186.67,26843.33
고성군,2025,2,2025.2/4,34.6,9283.0,26815.33
고성군,2025,3,2025.3/4,34.9,9339.67,26768.67
고성군,2025,4,2025.4/4,35.2,9442.0,26813.0
고성군,2026,1,2026.1/4,35.57,9590.33,26955.67
동해시,2008,1,2008.1/4,11.7,11296.33,96434.33
동해시,2008,2,2008.2/4,11.87,11428.67,96068.0
동해시,2008,3,2008.3/4,12.0,11513.33,95898.33
동해시,2008,4,2008.4/4,12.1,11572.33,95729.67
동해시,2009,1,2009.1/4,12.27,11706.33,95498.33
동해시,2009,2,2009.2/4,12.47,11872.67,95237.33
동해시,2009,3,2009.3/4,12.53,11912.33,95106.33
동해시,2009,4,2009.4/4,12.67,12050.0,95092.0
동해시,2010,1,2010.1/4,12.83,12165.33,94717.0
동해시,2010,2,2010.2/4,13.03,12287.33,94455.33
동해시,2010,3,2010.3/4,13.1,12368.67,94346.33
동해시,2010,4,2010.4/4,13.2,12568.0,95268.0
동해시,2011,1,2011.1/4,13.3,12629.67,94956.33
동해시,2011,2,2011.2/4,13.4,12700.0,94799.0
동해시,2011,3,2011.3/4,13.47,12778.0,94750.0
동해시,2011,4,2011.4/4,13.6,12899.0,95003.0
동해시,2012,1,2012.1/4,13.77,13014.33,94645.67
동해시,2012,2,2012.2/4,13.9,13108.67,94350.33
동해시,2012,3,2012.3/4,14.03,13199.33,94186.33
동해시,2012,4,2012.4/4,14.17,13333.33,93944.67
동해시,2013,1,2013.1/4,14.4,13524.67,93996.0
동해시,2013,2,2013.2/4,14.53,13684.0,94242.0
동해시,2013,3,2013.3/4,14.6,13836.0,94732.33
동해시,2013,4,2013.4/4,14.7,13962.33,94928.33
동해시,2014,1,2014.1/4,14.9,14112.33,94700.67
동해시,2014,2,2014.2/4,15.03,14218.0,94557.0
동해시,2014,3,2014.3/4,15.17,14332.33,94571.33
동해시,2014,4,2014.4/4,15.23,14423.33,94637.33
동해시,2015,1,2015.1/4,15.4,14525.67,94270.0
동해시,2015,2,2015.2/4,15.57,14648.0,94097.67
동해시,2015,3,2015.3/4,15.67,14753.0,94059.67
동해시,2015,4,2015.4/4,15.83,14853.67,93943.0
동해시,2016,1,2016.1/4,15.97,14943.33,93684.0
동해시,2016,2,2016.2/4,16.0,14956.67,93425.33
동해시,2016,3,2016.3/4,16.0,14991.67,93463.0
동해시,2016,4,2016.4/4,16.17,15084.33,93352.0
동해시,2017,1,2017.1/4,16.4,15273.67,93105.67
동해시,2017,2,2017.2/4,16.7,15477.0,92842.0
동해시,2017,3,2017.3/4,16.87,15656.0,92811.33
동해시,2017,4,2017.4/4,17.03,15814.67,92846.67
동해시,2018,1,2018.1/4,17.33,15997.0,92268.33
동해시,2018,2,2018.2/4,17.67,16208.67,91788.33
동해시,2018,3,2018.3/4,17.87,16358.33,91561.33
동해시,2018,4,2018.4/4,18.03,16474.67,91346.0
동해시,2019,1,2019.1/4,18.3,16628.33,90988.33
동해시,2019,2,2019.2/4,18.53,16823.33,90707.67
동해시,2019,3,2019.3/4,18.8,17034.33,90539.0
동해시,2019,4,2019.4/4,19.1,17250.0,90417.0
동해시,2020,1,2020.1/4,19.43,17530.0,90296.67
동해시,2020,2,2020.2/4,19.7,17801.67,90351.0
동해시,2020,3,2020.3/4,19.9,18030.0,90534.67
동해시,2020,4,2020.4/4,20.13,18237.33,90593.0
동해시,2021,1,2021.1/4,20.4,18414.0,90219.33
동해시,2021,2,2021.2/4,20.63,18557.0,89945.0
동해시,2021,3,2021.3/4,20.83,18774.0,90056.0
동해시,2021,4,2021.4/4,21.07,18980.0,90068.67
동해시,2022,1,2022.1/4,21.4,19247.0,89933.0
동해시,2022,2,2022.2/4,21.77,19490.33,89622.0
동해시,2022,3,2022.3/4,22.0,19723.67,89615.67
동해시,2022,4,2022.4/4,22.27,19926.0,89416.33
동해시,2023,1,2023.1/4,22.57,20145.67,89266.67
동해시,2023,2,2023.2/4,22.9,20379.0,89117.33
동해시,2023,3,2023.3/4,23.1,20588.0,88947.67
동해시,2023,4,2023.4/4,23.4,20788.0,88692.67
동해시,2024,1,2024.1/4,23.8,21036.0,88383.0
동해시,2024,2,2024.2/4,24.2,21287.0,88032.67
동해시,2024,3,2024.3/4,24.5,21494.0,87785.33
동해시,2024,4,2024.4/4,24.83,21784.0,87709.33
동해시,2025,1,2025.1/4,25.3,22072.33,87338.0
동해시,2025,2,2025.2/4,25.7,22332.67,86927.33
동해시,2025,3,2025.3/4,26.03,22582.67,86705.0
동해시,2025,4,2025.4/4,26.4,22847.0,86452.67
동해시,2026,1,2026.1/4,26.9,23131.0,86054.0
삼척시,2008,1,2008.1/4,16.8,11887.33,70695.67
삼척시,2008,2,2008.2/4,17.0,12014.67,70775.33
삼척시,2008,3,2008.3/4,17.07,12046.0,70548.0
삼척시,2008,4,2008.4/4,17.1,12099.33,70744.0
삼척시,2009,1,2009.1/4,17.13,12198.33,71129.33
삼척시,2009,2,2009.2/4,17.1,12347.67,72073.67
삼척시,2009,3,2009.3/4,17.23,12413.67,72046.33
삼척시,2009,4,2009.4/4,17.33,12483.33,72006.33
삼척시,2010,1,2010.1/4,17.57,12580.0,71640.33
삼척시,2010,2,2010.2/4,17.6,12727.33,72281.33
삼척시,2010,3,2010.3/4,17.77,12778.33,71919.0
삼척시,2010,4,2010.4/4,17.83,12921.0,72379.67
삼척시,2011,1,2011.1/4,18.0,12930.0,71899.67
삼척시,2011,2,2011.2/4,17.97,12999.0,72385.67
삼척시,2011,3,2011.3/4,18.07,13069.67,72407.33
삼척시,2011,4,2011.4/4,18.07,13104.67,72532.33
삼척시,2012,1,2012.1/4,18.2,13158.67,72309.33
삼척시,2012,2,2012.2/4,18.1,13264.33,73172.67
삼척시,2012,3,2012.3/4,18.27,13355.33,73135.67
삼척시,2012,4,2012.4/4,18.47,13429.67,72733.67
삼척시,2013,1,2013.1/4,18.8,13568.33,72185.0
삼척시,2013,2,2013.2/4,18.73,13721.33,73281.0
삼척시,2013,3,2013.3/4,18.93,13817.33,73053.67
삼척시,2013,4,2013.4/4,19.03,13891.67,73141.67
삼척시,2014,1,2014.1/4,19.23,13972.33,72613.0
삼척시,2014,2,2014.2/4,19.17,14053.33,73310.67
삼척시,2014,3,2014.3/4,19.4,14149.67,72902.67
삼척시,2014,4,2014.4/4,19.6,14236.33,72594.0
삼척시,2015,1,2015.1/4,19.97,14302.0,71603.33
삼척시,2015,2,2015.2/4,20.1,14418.0,71701.67
삼척시,2015,3,2015.3/4,20.3,14477.33,71343.67
삼척시,2015,4,2015.4/4,20.43,14521.33,71055.33
삼척시,2016,1,2016.1/4,20.77,14556.33,70098.67
삼척시,2016,2,2016.2/4,20.8,14573.0,69981.33
삼척시,2016,3,2016.3/4,20.97,14594.33,69688.33
삼척시,2016,4,2016.4/4,20.93,14613.67,69842.0
삼척시,2017,1,2017.1/4,21.27,14687.67,69086.0
삼척시,2017,2,2017.2/4,21.5,14862.0,69175.67
삼척시,2017,3,2017.3/4,21.77,14969.67,68864.0
삼척시,2017,4,2017.4/4,21.93,15071.33,68671.0
삼척시,2018,1,2018.1/4,22.17,15166.67,68317.67
삼척시,2018,2,2018.2/4,22.27,15265.0,68689.67
삼척시,2018,3,2018.3/4,22.37,15377.67,68625.0
삼척시,2018,4,2018.4/4,22.6,15469.33,68538.67
삼척시,2019,1,2019.1/4,22.93,15555.67,67907.0
삼척시,2019,2,2019.2/4,23.1,15686.0,67990.0
삼척시,2019,3,2019.3/4,23.37,15824.67,67773.67
삼척시,2019,4,2019.4/4,23.63,15949.67,67450.0
삼척시,2020,1,2020.1/4,24.3,16138.0,66457.33
삼척시,2020,2,2020.2/4,24.83,16351.33,65824.67
삼척시,2020,3,2020.3/4,25.03,16444.33,65681.67
삼척시,2020,4,2020.4/4,25.3,16537.67,65398.67
삼척시,2021,1,2021.1/4,25.73,16628.67,64673.0
삼척시,2021,2,2021.2/4,26.0,16692.0,64205.33
삼척시,2021,3,2021.3/4,26.27,16794.33,63880.33
삼척시,2021,4,2021.4/4,26.5,16861.0,63648.0
삼척시,2022,1,2022.1/4,26.67,17041.0,63817.33
삼척시,2022,2,2022.2/4,26.8,17200.33,64225.67
삼척시,2022,3,2022.3/4,27.1,17305.67,63853.0
삼척시,2022,4,2022.4/4,27.4,17428.0,63583.0
삼척시,2023,1,2023.1/4,27.8,17583.33,63239.0
삼척시,2023,2,2023.2/4,28.0,17743.0,63357.67
삼척시,2023,3,2023.3/4,28.2,17815.67,63117.0
삼척시,2023,4,2023.4/4,28.6,17959.0,62802.33
삼척시,2024,1,2024.1/4,29.13,18140.33,62303.0
삼척시,2024,2,2024.2/4,29.37,18325.0,62438.33
삼척시,2024,3,2024.3/4,29.7,18467.0,62217.0
삼척시,2024,4,2024.4/4,30.13,18640.33,61893.33
삼척시,2025,1,2025.1/4,30.73,18864.67,61417.33
삼척시,2025,2,2025.2/4,31.03,19056.33,61408.0
삼척시,2025,3,2025.3/4,31.5,19221.0,61002.0
삼척시,2025,4,2025.4/4,32.0,19402.0,60680.33
삼척시,2026,1,2026.1/4,32.53,19628.67,60297.33
속초시,2008,1,2008.1/4,11.17,9527.67,85201.67
속초시,2008,2,2008.2/4,11.33,9616.0,84805.33
속초시,2008,3,2008.3/4,11.43,9684.33,84735.67
속초시,2008,4,2008.4/4,11.57,9809.0,84665.33
속초시,2009,1,2009.1/4,11.73,9921.0,84437.67
속초시,2009,2,2009.2/4,11.93,10019.67,84088.33
속초시,2009,3,2009.3/4,12.03,10093.0,83945.0
속초시,2009,4,2009.4/4,12.17,10177.67,83760.33
속초시,2010,1,2010.1/4,12.3,10318.33,83824.0
속초시,2010,2,2010.2/4,12.47,10428.67,83670.67
속초시,2010,3,2010.3/4,12.57,10530.0,83771.67
속초시,2010,4,2010.4/4,12.67,10679.0,84333.33
속초시,2011,1,2011.1/4,12.73,10698.67,84098.0
속초시,2011,2,2011.2/4,12.87,10792.67,83884.33
속초시,2011,3,2011.3/4,13.0,10901.67,83811.0
속초시,2011,4,2011.4/4,13.13,11007.0,83808.0
속초시,2012,1,2012.1/4,13.3,11130.33,83720.0
속초시,2012,2,2012.2/4,13.47,11257.33,83518.67
속초시,2012,3,2012.3/4,13.6,11365.0,83541.67
속초시,2012,4,2012.4/4,13.73,11495.33,83615.33
속초시,2013,1,2013.1/4,13.9,11605.67,83491.0
속초시,2013,2,2013.2/4,14.07,11708.33,83241.67
속초시,2013,3,2013.3/4,14.17,11777.0,83102.67
속초시,2013,4,2013.4/4,14.27,11852.67,83085.33
속초시,2014,1,2014.1/4,14.43,11966.33,82989.0
속초시,2014,2,2014.2/4,14.57,12082.33,82818.0
속초시,2014,3,2014.3/4,14.67,12139.67,82837.0
속초시,2014,4,2014.4/4,14.8,12226.33,82662.33
속초시,2015,1,2015.1/4,14.97,12304.67,82364.67
속초시,2015,2,2015.2/4,15.03,12351.0,82130.0
속초시,2015,3,2015.3/4,15.1,12404.67,82228.67
속초시,2015,4,2015.4/4,15.1,12492.67,82577.0
속초시,2016,1,2016.1/4,15.33,12589.0,82094.0
속초시,2016,2,2016.2/4,15.4,12659.33,82070.0
속초시,2016,3,2016.3/4,15.4,12743.33,82719.33
속초시,2016,4,2016.4/4,15.5,12755.0,82353.33
속초시,2017,1,2017.1/4,15.7,12889.0,81954.33
속초시,2017,2,2017.2/4,16.0,13063.0,81546.67
속초시,2017,3,2017.3/4,16.23,13222.67,81550.0
속초시,2017,4,2017.4/4,16.27,13408.67,82454.67
속초시,2018,1,2018.1/4,16.5,13507.67,81955.67
속초시,2018,2,2018.2/4,16.67,13599.0,81725.67
속초시,2018,3,2018.3/4,16.73,13691.67,81769.67
속초시,2018,4,2018.4/4,17.0,13886.0,81771.33
속초시,2019,1,2019.1/4,17.3,14081.33,81473.0
속초시,2019,2,2019.2/4,17.5,14281.67,81605.0
속초시,2019,3,2019.3/4,17.7,14487.0,81753.67
속초시,2019,4,2019.4/4,18.0,14753.33,81796.0
속초시,2020,1,2020.1/4,18.33,15007.0,81757.67
속초시,2020,2,2020.2/4,18.7,15319.67,81854.67
속초시,2020,3,2020.3/4,18.93,15590.0,82337.0
속초시,2020,4,2020.4/4,19.13,15801.67,82613.0
속초시,2021,1,2021.1/4,19.4,15980.33,82465.33
속초시,2021,2,2021.2/4,19.6,16124.67,82265.67
속초시,2021,3,2021.3/4,19.83,16351.0,82414.67
속초시,2021,4,2021.4/4,20.07,16599.33,82690.0
속초시,2022,1,2022.1/4,20.4,16875.33,82766.0
속초시,2022,2,2022.2/4,20.63,17071.0,82754.67
속초시,2022,3,2022.3/4,20.8,17261.33,82944.33
속초시,2022,4,2022.4/4,21.1,17477.33,82794.0
속초시,2023,1,2023.1/4,21.43,17718.0,82708.33
속초시,2023,2,2023.2/4,21.7,17941.0,82498.0
속초시,2023,3,2023.3/4,22.07,18171.33,82326.67
속초시,2023,4,2023.4/4,22.43,18422.0,82104.67
속초시,2024,1,2024.1/4,22.87,18694.67,81817.67
속초시,2024,2,2024.2/4,23.23,18945.0,81518.67
속초시,2024,3,2024.3/4,23.5,19116.67,81304.67
속초시,2024,4,2024.4/4,23.9,19355.67,81028.67
속초시,2025,1,2025.1/4,24.43,19675.33,80560.67
속초시,2025,2,2025.2/4,24.83,19917.0,80169.0
속초시,2025,3,2025.3/4,25.27,20206.67,80042.67
속초시,2025,4,2025.4/4,25.6,20414.67,79741.0
속초시,2026,1,2026.1/4,26.13,20714.67,79273.33
양구군,2008,1,2008.1/4,16.17,3434.33,21263.67
양구군,2008,2,2008.2/4,16.27,3464.33,21312.67
양구군,2008,3,2008.3/4,16.37,3484.0,21313.33
양구군,2008,4,2008.4/4,16.5,3510.33,21298.33
양구군,2009,1,2009.1/4,16.6,3532.33,21289.33
양구군,2009,2,2009.2/4,16.7,3567.67,21323.33
양구군,2009,3,2009.3/4,16.9,3592.0,21301.33
양구군,2009,4,2009.4/4,17.13,3650.0,21308.33
양구군,2010,1,2010.1/4,17.17,3674.0,21406.67
양구군,2010,2,2010.2/4,17.33,3706.0,21402.67
양구군,2010,3,2010.3/4,17.33,3719.0,21429.33
양구군,2010,4,2010.4/4,17.23,3756.33,21810.67
양구군,2011,1,2011.1/4,17.23,3747.0,21737.0
양구군,2011,2,2011.2/4,17.23,3767.67,21860.67
양구군,2011,3,2011.3/4,17.1,3775.67,22090.67
양구군,2011,4,2011.4/4,17.03,3792.33,22254.33
양구군,2012,1,2012.1/4,17.0,3818.33,22443.0
양구군,2012,2,2012.2/4,16.9,3841.33,22721.0
양구군,2012,3,2012.3/4,16.97,3865.67,22753.67
양구군,2012,4,2012.4/4,17.03,3877.33,22749.33
양구군,2013,1,2013.1/4,17.1,3906.67,22869.33
양구군,2013,2,2013.2/4,17.03,3944.0,23161.67
양구군,2013,3,2013.3/4,17.03,3962.67,23250.67
양구군,2013,4,2013.4/4,17.0,3998.67,23519.33
양구군,2014,1,2014.1/4,17.03,4012.33,23569.67
양구군,2014,2,2014.2/4,17.0,4027.0,23728.67
양구군,2014,3,2014.3/4,17.07,4038.0,23634.67
양구군,2014,4,2014.4/4,17.07,4041.67,23670.67
양구군,2015,1,2015.1/4,17.03,4058.67,23808.0
양구군,2015,2,2015.2/4,16.9,4056.67,24000.33
양구군,2015,3,2015.3/4,16.73,4047.33,24167.67
양구군,2015,4,2015.4/4,16.9,4076.33,24105.33
양구군,2016,1,2016.1/4,17.07,4105.67,24015.0
양구군,2016,2,2016.2/4,17.17,4120.0,24011.67
양구군,2016,3,2016.3/4,17.17,4122.33,24022.0
양구군,2016,4,2016.4/4,17.17,4116.0,23986.0
양구군,2017,1,2017.1/4,17.33,4136.33,23845.0
양구군,2017,2,2017.2/4,17.57,4202.33,23926.67
양구군,2017,3,2017.3/4,17.77,4237.67,23878.33
양구군,2017,4,2017.4/4,17.83,4255.33,23839.0
양구군,2018,1,2018.1/4,18.07,4272.67,23674.0
양구군,2018,2,2018.2/4,18.17,4295.67,23658.33
양구군,2018,3,2018.3/4,18.33,4300.0,23455.0
양구군,2018,4,2018.4/4,18.47,4316.0,23392.0
양구군,2019,1,2019.1/4,18.73,4360.33,23286.33
양구군,2019,2,2019.2/4,18.9,4402.67,23287.0
양구군,2019,3,2019.3/4,19.23,4460.0,23184.0
양구군,2019,4,2019.4/4,19.6,4490.33,22911.33
양구군,2020,1,2020.1/4,20.37,4557.67,22397.67
양구군,2020,2,2020.2/4,20.63,4610.67,22361.67
양구군,2020,3,2020.3/4,20.8,4645.0,22313.0
양구군,2020,4,2020.4/4,21.0,4684.33,22301.33
양구군,2021,1,2021.1/4,21.4,4742.67,22152.0
양구군,2021,2,2021.2/4,21.77,4801.67,22078.33
양구군,2021,3,2021.3/4,22.07,4841.0,21959.0
양구군,2021,4,2021.4/4,22.37,4886.33,21849.33
양구군,2022,1,2022.1/4,22.83,4954.0,21685.67
양구군,2022,2,2022.2/4,23.07,4991.33,21647.33
양구군,2022,3,2022.3/4,23.33,5020.0,21505.0
양구군,2022,4,2022.4/4,23.57,5050.67,21409.0
양구군,2023,1,2023.1/4,24.03,5126.67,21326.33
양구군,2023,2,2023.2/4,24.4,5203.0,21335.0
양구군,2023,3,2023.3/4,24.63,5231.0,21244.67
양구군,2023,4,2023.4/4,24.93,5266.67,21124.67
양구군,2024,1,2024.1/4,25.37,5331.33,21016.0
양구군,2024,2,2024.2/4,25.8,5393.33,20908.67
양구군,2024,3,2024.3/4,26.1,5426.0,20788.67
양구군,2024,4,2024.4/4,26.43,5463.67,20649.0
양구군,2025,1,2025.1/4,27.0,5531.0,20495.67
양구군,2025,2,2025.2/4,27.27,5588.33,20490.0
양구군,2025,3,2025.3/4,27.57,5649.0,20482.33
양구군,2025,4,2025.4/4,27.93,5707.67,20434.33
양구군,2026,1,2026.1/4,28.37,5776.67,20374.33
양양군,2008,1,2008.1/4,18.97,5366.67,28315.33
양양군,2008,2,2008.2/4,19.27,5446.33,28259.33
양양군,2008,3,2008.3/4,19.4,5476.33,28201.67
양양군,2008,4,2008.4/4,19.63,5520.0,28121.0
양양군,2009,1,2009.1/4,19.9,5580.67,28023.33
양양군,2009,2,2009.2/4,20.2,5652.33,28008.67
양양군,2009,3,2009.3/4,20.3,5686.0,28011.67
양양군,2009,4,2009.4/4,20.4,5709.0,27974.67
양양군,2010,1,2010.1/4,20.7,5784.67,27929.0
양양군,2010,2,2010.2/4,21.0,5857.33,27883.67
양양군,2010,3,2010.3/4,21.17,5883.33,27805.33
양양군,2010,4,2010.4/4,21.27,5941.0,27960.0
양양군,2011,1,2011.1/4,21.4,5970.0,27865.0
양양군,2011,2,2011.2/4,21.57,6025.67,27925.33
양양군,2011,3,2011.3/4,21.67,6063.33,27977.33
양양군,2011,4,2011.4/4,21.9,6129.33,27961.33
양양군,2012,1,2012.1/4,22.23,6188.0,27835.67
양양군,2012,2,2012.2/4,22.43,6249.67,27844.67
양양군,2012,3,2012.3/4,22.7,6318.33,27877.67
양양군,2012,4,2012.4/4,22.93,6381.67,27849.67
양양군,2013,1,2013.1/4,23.27,6442.0,27705.33
양양군,2013,2,2013.2/4,23.43,6478.0,27662.33
양양군,2013,3,2013.3/4,23.57,6514.0,27643.67
양양군,2013,4,2013.4/4,23.8,6576.33,27622.33
양양군,2014,1,2014.1/4,23.97,6628.67,27623.0
양양군,2014,2,2014.2/4,24.13,6676.33,27646.0
양양군,2014,3,2014.3/4,24.27,6705.0,27613.33
양양군,2014,4,2014.4/4,24.5,6745.67,27533.67
양양군,2015,1,2015.1/4,24.7,6794.0,27502.67
양양군,2015,2,2015.2/4,24.73,6803.33,27521.67
양양군,2015,3,2015.3/4,24.93,6859.0,27501.67
양양군,2015,4,2015.4/4,25.17,6910.67,27480.67
양양군,2016,1,2016.1/4,25.37,6944.33,27378.67
양양군,2016,2,2016.2/4,25.5,6973.0,27330.67
양양군,2016,3,2016.3/4,25.6,6987.0,27291.0
양양군,2016,4,2016.4/4,25.6,6978.67,27214.33
양양군,2017,1,2017.1/4,25.77,7027.67,27258.0
양양군,2017,2,2017.2/4,26.13,7132.33,27300.67
양양군,2017,3,2017.3/4,26.47,7222.33,27303.67
양양군,2017,4,2017.4/4,26.8,7297.0,27222.0
양양군,2018,1,2018.1/4,27.07,7375.67,27259.67
양양군,2018,2,2018.2/4,27.23,7435.33,27306.67
양양군,2018,3,2018.3/4,27.33,7472.67,27309.67
양양군,2018,4,2018.4/4,27.6,7534.33,27279.33
양양군,2019,1,2019.1/4,27.8,7618.0,27404.0
양양군,2019,2,2019.2/4,28.03,7732.67,27581.67
양양군,2019,3,2019.3/4,28.3,7828.67,27659.33
양양군,2019,4,2019.4/4,28.57,7913.0,27720.33
양양군,2020,1,2020.1/4,28.97,8033.0,27717.0
양양군,2020,2,2020.2/4,29.4,8154.33,27768.33
양양군,2020,3,2020.3/4,29.5,8219.0,27889.0
양양군,2020,4,2020.4/4,29.73,8303.0,27945.33
양양군,2021,1,2021.1/4,29.93,8373.0,27960.67
양양군,2021,2,2021.2/4,30.27,8480.0,27991.0
양양군,2021,3,2021.3/4,30.53,8578.33,28086.0
양양군,2021,4,2021.4/4,30.93,8651.67,27972.0
양양군,2022,1,2022.1/4,31.47,8765.0,27877.0
양양군,2022,2,2022.2/4,31.73,8853.33,27899.67
양양군,2022,3,2022.3/4,32.0,8919.67,27883.0
양양군,2022,4,2022.4/4,32.27,8991.67,27862.67
양양군,2023,1,2023.1/4,32.7,9105.0,27840.0
양양군,2023,2,2023.2/4,33.1,9209.33,27842.33
양양군,2023,3,2023.3/4,33.37,9273.33,27778.33
양양군,2023,4,2023.4/4,33.8,9364.67,27715.33
양양군,2024,1,2024.1/4,34.27,9476.67,27670.33
양양군,2024,2,2024.2/4,34.6,9545.33,27587.0
양양군,2024,3,2024.3/4,34.8,9599.67,27580.33
양양군,2024,4,2024.4/4,35.17,9671.0,27507.67
양양군,2025,1,2025.1/4,35.6,9781.67,27475.33
양양군,2025,2,2025.2/4,36.1,9872.67,27359.0
양양군,2025,3,2025.3/4,36.37,9934.0,27331.67
양양군,2025,4,2025.4/4,36.6,9996.67,27319.33
양양군,2026,1,2026.1/4,37.0,10125.33,27367.67
영월군,2008,1,2008.1/4,20.3,8155.0,40211.33
영월군,2008,2,2008.2/4,20.57,8238.33,40081.33
영월군,2008,3,2008.3/4,20.63,8263.0,40050.67
영월군,2008,4,2008.4/4,20.7,8318.33,40147.33
영월군,2009,1,2009.1/4,20.87,8376.0,40174.33
영월군,2009,2,2009.2/4,20.97,8438.0,40241.67
영월군,2009,3,2009.3/4,21.1,8488.0,40185.33
영월군,2009,4,2009.4/4,21.2,8533.33,40193.0
영월군,2010,1,2010.1/4,21.33,8560.33,40145.67
영월군,2010,2,2010.2/4,21.47,8622.0,40146.33
영월군,2010,3,2010.3/4,21.6,8663.67,40110.33
영월군,2010,4,2010.4/4,21.6,8761.0,40489.0
영월군,2011,1,2011.1/4,21.8,8759.0,40187.67
영월군,2011,2,2011.2/4,21.9,8794.0,40194.0
영월군,2011,3,2011.3/4,21.97,8827.67,40114.67
영월군,2011,4,2011.4/4,22.1,8875.0,40147.0
영월군,2012,1,2012.1/4,22.23,8946.67,40235.67
영월군,2012,2,2012.2/4,22.37,8998.67,40253.0
영월군,2012,3,2012.3/4,22.47,9034.0,40179.67
영월군,2012,4,2012.4/4,22.63,9086.0,40152.0
영월군,2013,1,2013.1/4,22.87,9175.0,40143.0
영월군,2013,2,2013.2/4,22.97,9262.33,40313.33
영월군,2013,3,2013.3/4,23.13,9311.33,40254.0
영월군,2013,4,2013.4/4,23.3,9366.33,40182.67
영월군,2014,1,2014.1/4,23.47,9421.33,40158.67
영월군,2014,2,2014.2/4,23.53,9457.0,40200.33
영월군,2014,3,2014.3/4,23.77,9517.33,40091.0
영월군,2014,4,2014.4/4,23.9,9578.67,40108.0
영월군,2015,1,2015.1/4,24.0,9624.0,40117.33
영월군,2015,2,2015.2/4,24.1,9667.0,40115.33
영월군,2015,3,2015.3/4,24.2,9695.67,40086.0
영월군,2015,4,2015.4/4,24.3,9751.0,40124.67
영월군,2016,1,2016.1/4,24.5,9816.0,40071.33
영월군,2016,2,2016.2/4,24.6,9843.0,40046.0
영월군,2016,3,2016.3/4,24.6,9854.67,40061.0
영월군,2016,4,2016.4/4,24.67,9886.67,40057.33
영월군,2017,1,2017.1/4,24.97,10001.0,40078.33
영월군,2017,2,2017.2/4,25.47,10183.0,40048.67
영월군,2017,3,2017.3/4,25.77,10309.67,40053.0
영월군,2017,4,2017.4/4,25.9,10363.33,40045.67
영월군,2018,1,2018.1/4,25.93,10395.67,40051.0
영월군,2018,2,2018.2/4,26.17,10475.33,40020.33
영월군,2018,3,2018.3/4,26.47,10559.33,39924.33
영월군,2018,4,2018.4/4,26.77,10640.33,39771.0
영월군,2019,1,2019.1/4,27.1,10712.67,39551.67
영월군,2019,2,2019.2/4,27.4,10799.33,39398.0
영월군,2019,3,2019.3/4,27.7,10870.67,39235.33
영월군,2019,4,2019.4/4,28.1,10981.0,39121.33
영월군,2020,1,2020.1/4,28.53,11127.67,38982.33
영월군,2020,2,2020.2/4,29.1,11285.67,38787.0
영월군,2020,3,2020.3/4,29.3,11361.67,38763.0
영월군,2020,4,2020.4/4,29.6,11468.0,38694.67
영월군,2021,1,2021.1/4,30.13,11583.0,38480.33
영월군,2021,2,2021.2/4,30.43,11611.67,38191.0
영월군,2021,3,2021.3/4,30.63,11661.67,38043.67
영월군,2021,4,2021.4/4,30.9,11717.33,37949.67
영월군,2022,1,2022.1/4,31.2,11842.0,37950.0
영월군,2022,2,2022.2/4,31.5,11964.33,37955.67
영월군,2022,3,2022.3/4,31.83,12062.67,37891.0
영월군,2022,4,2022.4/4,32.2,12162.33,37775.67
영월군,2023,1,2023.1/4,32.73,12305.67,37620.33
영월군,2023,2,2023.2/4,33.1,12460.33,37614.0
영월군,2023,3,2023.3/4,33.47,12553.0,37525.33
영월군,2023,4,2023.4/4,33.87,12665.0,37369.33
영월군,2024,1,2024.1/4,34.4,12787.67,37209.0
영월군,2024,2,2024.2/4,34.87,12941.33,37141.67
영월군,2024,3,2024.3/4,35.2,13028.33,37018.0
영월군,2024,4,2024.4/4,35.6,13119.0,36813.33
영월군,2025,1,2025.1/4,36.3,13277.0,36536.67
영월군,2025,2,2025.2/4,36.9,13431.33,36410.67
영월군,2025,3,2025.3/4,37.33,13568.33,36313.0
영월군,2025,4,2025.4/4,37.9,13698.33,36151.67
영월군,2026,1,2026.1/4,38.57,13856.67,35927.33
원주시,2008,1,2008.1/4,10.43,31237.0,299727.67
원주시,2008,2,2008.2/4,10.5,31592.0,301091.67
원주시,2008,3,2008.3/4,10.53,31882.0,302553.0
원주시,2008,4,2008.4/4,10.6,32214.67,303647.67
원주시,2009,1,2009.1/4,10.7,32524.0,304752.0
원주시,2009,2,2009.2/4,10.77,32857.33,305478.33
원주시,2009,3,2009.3/4,10.8,33105.33,306505.33
원주시,2009,4,2009.4/4,10.83,33356.0,307632.0
원주시,2010,1,2010.1/4,10.9,33626.67,308371.0
원주시,2010,2,2010.2/4,11.0,33944.67,308998.33
원주시,2010,3,2010.3/4,11.0,34223.67,310298.0
원주시,2010,4,2010.4/4,11.1,34790.33,314078.0
원주시,2011,1,2011.1/4,11.1,34970.0,315791.33
원주시,2011,2,2011.2/4,11.07,35290.67,319081.0
원주시,2011,3,2011.3/4,11.17,35662.67,319668.0
원주시,2011,4,2011.4/4,11.23,36053.67,320497.33
원주시,2012,1,2012.1/4,11.37,36488.33,321075.33
원주시,2012,2,2012.2/4,11.47,36902.67,322002.67
원주시,2012,3,2012.3/4,11.5,37173.33,322859.0
원주시,2012,4,2012.4/4,11.6,37492.33,323710.33
원주시,2013,1,2013.1/4,11.67,37836.67,324006.67
원주시,2013,2,2013.2/4,11.77,38144.33,324198.33
원주시,2013,3,2013.3/4,11.83,38435.0,324493.33
원주시,2013,4,2013.4/4,11.9,38728.0,324970.33
원주시,2014,1,2014.1/4,12.0,39010.0,324886.0
원주시,2014,2,2014.2/4,12.07,39222.67,325252.0
원주시,2014,3,2014.3/4,12.13,39510.33,325665.0
원주시,2014,4,2014.4/4,12.17,39767.0,326978.0
원주시,2015,1,2015.1/4,12.2,40047.33,327780.0
원주시,2015,2,2015.2/4,12.3,40329.33,328840.33
원주시,2015,3,2015.3/4,12.3,40654.33,330276.33
원주시,2015,4,2015.4/4,12.3,41007.33,332250.33
원주시,2016,1,2016.1/4,12.4,41376.0,334738.67
원주시,2016,2,2016.2/4,12.4,41649.0,335629.33
원주시,2016,3,2016.3/4,12.43,41871.33,336361.0
원주시,2016,4,2016.4/4,12.5,42126.33,337715.33
원주시,2017,1,2017.1/4,12.63,42826.0,338599.67
원주시,2017,2,2017.2/4,12.93,43867.0,339378.33
원주시,2017,3,2017.3/4,13.13,44630.33,340158.33
원주시,2017,4,2017.4/4,13.23,45117.0,340998.0
원주시,2018,1,2018.1/4,13.33,45586.33,341718.67
원주시,2018,2,2018.2/4,13.47,46064.33,342008.33
원주시,2018,3,2018.3/4,13.57,46538.67,342588.33
원주시,2018,4,2018.4/4,13.67,47029.0,343750.67
원주시,2019,1,2019.1/4,13.83,47711.0,345020.0
원주시,2019,2,2019.2/4,13.97,48394.33,346093.67
원주시,2019,3,2019.3/4,14.13,49047.0,347438.0
원주시,2019,4,2019.4/4,14.27,49755.0,348660.0
원주시,2020,1,2020.1/4,14.5,50784.33,350751.0
원주시,2020,2,2020.2/4,14.67,51670.67,351867.0
원주시,2020,3,2020.3/4,14.83,52400.0,352959.67
원주시,2020,4,2020.4/4,15.03,53162.0,353952.33
원주시,2021,1,2021.1/4,15.23,54013.33,354678.0
원주시,2021,2,2021.2/4,15.47,54784.67,354760.67
원주시,2021,3,2021.3/4,15.6,55570.67,355777.67
원주시,2021,4,2021.4/4,15.83,56475.33,357219.67
원주시,2022,1,2022.1/4,16.1,57572.33,358477.67
원주시,2022,2,2022.2/4,16.27,58486.0,359221.0
원주시,2022,3,2022.3/4,16.5,59435.33,360047.67
원주시,2022,4,2022.4/4,16.77,60465.0,360703.33
원주시,2023,1,2023.1/4,17.03,61502.0,360831.33
원주시,2023,2,2023.2/4,17.27,62365.33,360958.33
원주시,2023,3,2023.3/4,17.5,63162.0,361225.0
원주시,2023,4,2023.4/4,17.77,64159.67,361466.0
원주시,2024,1,2024.1/4,18.03,65226.0,361393.33
원주시,2024,2,2024.2/4,18.37,66318.33,361267.33
원주시,2024,3,2024.3/4,18.6,67273.67,361854.0
원주시,2024,4,2024.4/4,18.9,68448.67,362169.67
원주시,2025,1,2025.1/4,19.27,69803.33,362072.67
원주시,2025,2,2025.2/4,19.6,71052.67,362251.33
원주시,2025,3,2025.3/4,19.9,72090.0,362750.67
원주시,2025,4,2025.4/4,20.13,73133.67,363084.0
원주시,2026,1,2026.1/4,20.5,74532.67,363688.33
인제군,2008,1,2008.1/4,14.93,4771.67,31923.33
인제군,2008,2,2008.2/4,15.1,4803.67,31777.33
인제군,2008,3,2008.3/4,15.2,4819.33,31677.33
인제군,2008,4,2008.4/4,15.33,4843.0,31637.0
인제군,2009,1,2009.1/4,15.47,4880.33,31540.33
인제군,2009,2,2009.2/4,15.63,4930.0,31569.0
인제군,2009,3,2009.3/4,15.73,4969.67,31549.67
인제군,2009,4,2009.4/4,15.87,4996.67,31486.33
인제군,2010,1,2010.1/4,16.07,5034.0,31339.0
인제군,2010,2,2010.2/4,16.1,5073.67,31433.33
인제군,2010,3,2010.3/4,16.17,5082.67,31467.67
인제군,2010,4,2010.4/4,16.1,5113.67,31785.33
인제군,2011,1,2011.1/4,16.07,5104.33,31716.67
인제군,2011,2,2011.2/4,16.2,5119.67,31610.0
인제군,2011,3,2011.3/4,16.37,5166.33,31595.33
인제군,2011,4,2011.4/4,16.4,5212.0,31830.33
인제군,2012,1,2012.1/4,16.47,5243.0,31870.67
인제군,2012,2,2012.2/4,16.57,5300.33,31992.0
인제군,2012,3,2012.3/4,16.53,5338.0,32285.0
인제군,2012,4,2012.4/4,16.6,5386.33,32432.67
인제군,2013,1,2013.1/4,16.7,5402.67,32336.33
인제군,2013,2,2013.2/4,16.73,5425.67,32412.67
인제군,2013,3,2013.3/4,16.8,5455.67,32501.33
인제군,2013,4,2013.4/4,16.8,5463.0,32492.33
인제군,2014,1,2014.1/4,16.9,5490.33,32453.0
인제군,2014,2,2014.2/4,16.9,5489.67,32449.33
인제군,2014,3,2014.3/4,17.03,5524.33,32413.33
인제군,2014,4,2014.4/4,17.1,5533.0,32371.67
인제군,2015,1,2015.1/4,16.83,5555.0,32980.33
인제군,2015,2,2015.2/4,16.77,5557.33,33184.0
인제군,2015,3,2015.3/4,16.63,5549.67,33350.0
인제군,2015,4,2015.4/4,16.7,5564.0,33303.33
인제군,2016,1,2016.1/4,16.87,5582.67,33104.33
인제군,2016,2,2016.2/4,16.93,5586.67,32955.33
인제군,2016,3,2016.3/4,17.1,5606.33,32854.0
인제군,2016,4,2016.4/4,17.1,5609.33,32793.67
인제군,2017,1,2017.1/4,17.3,5634.0,32577.67
인제군,2017,2,2017.2/4,17.77,5764.67,32489.67
인제군,2017,3,2017.3/4,17.93,5828.67,32526.67
인제군,2017,4,2017.4/4,17.97,5852.33,32594.67
인제군,2018,1,2018.1/4,18.2,5896.67,32432.33
인제군,2018,2,2018.2/4,18.4,5955.67,32323.33
인제군,2018,3,2018.3/4,18.53,5990.33,32293.0
인제군,2018,4,2018.4/4,18.7,6008.33,32158.33
인제군,2019,1,2019.1/4,18.9,6050.33,31978.0
인제군,2019,2,2019.2/4,19.03,6074.0,31892.33
인제군,2019,3,2019.3/4,19.3,6122.33,31765.67
인제군,2019,4,2019.4/4,19.5,6175.33,31718.67
인제군,2020,1,2020.1/4,19.9,6261.33,31486.67
인제군,2020,2,2020.2/4,20.2,6375.67,31536.0
인제군,2020,3,2020.3/4,20.47,6456.0,31545.0
인제군,2020,4,2020.4/4,20.6,6521.0,31629.0
인제군,2021,1,2021.1/4,20.83,6588.67,31635.33
인제군,2021,2,2021.2/4,21.07,6666.0,31658.67
인제군,2021,3,2021.3/4,21.13,6763.0,32004.67
인제군,2021,4,2021.4/4,21.37,6863.67,32131.0
인제군,2022,1,2022.1/4,21.7,6987.0,32214.67
인제군,2022,2,2022.2/4,21.93,7054.33,32182.67
인제군,2022,3,2022.3/4,22.2,7152.0,32198.0
인제군,2022,4,2022.4/4,22.53,7243.33,32164.33
인제군,2023,1,2023.1/4,22.87,7345.0,32140.33
인제군,2023,2,2023.2/4,23.17,7431.0,32088.0
인제군,2023,3,2023.3/4,23.4,7507.67,32101.33
인제군,2023,4,2023.4/4,23.73,7595.33,31997.33
인제군,2024,1,2024.1/4,24.17,7697.33,31873.67
인제군,2024,2,2024.2/4,24.6,7808.0,31765.0
인제군,2024,3,2024.3/4,24.87,7876.33,31689.33
인제군,2024,4,2024.4/4,25.17,7952.0,31551.33
인제군,2025,1,2025.1/4,25.83,8073.33,31250.33
인제군,2025,2,2025.2/4,26.3,8168.67,31067.33
인제군,2025,3,2025.3/4,26.63,8236.33,30920.0
인제군,2025,4,2025.4/4,27.03,8348.67,30886.0
인제군,2026,1,2026.1/4,27.6,8486.0,30772.0
정선군,2008,1,2008.1/4,17.0,7081.33,41565.33
정선군,2008,2,2008.2/4,17.3,7166.33,41392.0
정선군,2008,3,2008.3/4,17.43,7211.33,41355.0
정선군,2008,4,2008.4/4,17.57,7256.33,41297.0
정선군,2009,1,2009.1/4,17.8,7314.33,41110.0
정선군,2009,2,2009.2/4,18.0,7372.0,40887.33
정선군,2009,3,2009.3/4,18.17,7399.33,40773.67
정선군,2009,4,2009.4/4,18.27,7441.67,40719.33
정선군,2010,1,2010.1/4,18.5,7496.0,40546.33
정선군,2010,2,2010.2/4,18.77,7571.0,40403.0
정선군,2010,3,2010.3/4,18.9,7611.33,40271.33
정선군,2010,4,2010.4/4,19.2,7893.67,41085.33
정선군,2011,1,2011.1/4,19.37,7910.67,40816.33
정선군,2011,2,2011.2/4,19.53,7930.0,40594.0
정선군,2011,3,2011.3/4,19.67,7946.67,40427.0
정선군,2011,4,2011.4/4,19.8,7962.33,40255.0
정선군,2012,1,2012.1/4,20.0,8014.33,40002.67
정선군,2012,2,2012.2/4,20.27,8077.67,39882.0
정선군,2012,3,2012.3/4,20.37,8129.67,39877.67
정선군,2012,4,2012.4/4,20.5,8167.33,39882.67
정선군,2013,1,2013.1/4,20.73,8259.67,39849.33
정선군,2013,2,2013.2/4,20.93,8338.67,39880.67
정선군,2013,3,2013.3/4,21.1,8431.0,39949.33
정선군,2013,4,2013.4/4,21.23,8486.0,39988.33
정선군,2014,1,2014.1/4,21.47,8551.33,39836.67
정선군,2014,2,2014.2/4,21.73,8620.33,39653.0
정선군,2014,3,2014.3/4,21.93,8667.33,39547.33
정선군,2014,4,2014.4/4,22.07,8709.67,39458.0
정선군,2015,1,2015.1/4,22.27,8748.33,39321.33
정선군,2015,2,2015.2/4,22.37,8785.33,39280.0
정선군,2015,3,2015.3/4,22.43,8813.33,39290.33
정선군,2015,4,2015.4/4,22.57,8857.67,39215.67
정선군,2016,1,2016.1/4,22.8,8917.67,39065.33
정선군,2016,2,2016.2/4,23.0,8960.67,38915.67
정선군,2016,3,2016.3/4,23.1,8975.67,38866.0
정선군,2016,4,2016.4/4,23.23,8991.67,38725.0
정선군,2017,1,2017.1/4,23.57,9084.67,38518.0
정선군,2017,2,2017.2/4,24.0,9197.33,38353.33
정선군,2017,3,2017.3/4,24.2,9275.67,38304.67
정선군,2017,4,2017.4/4,24.37,9313.0,38219.0
정선군,2018,1,2018.1/4,24.67,9377.33,38036.67
정선군,2018,2,2018.2/4,24.83,9429.33,37956.33
정선군,2018,3,2018.3/4,25.0,9463.33,37853.33
정선군,2018,4,2018.4/4,25.17,9498.67,37741.0
정선군,2019,1,2019.1/4,25.53,9562.67,37484.67
정선군,2019,2,2019.2/4,25.8,9659.33,37420.33
정선군,2019,3,2019.3/4,26.07,9740.33,37367.0
정선군,2019,4,2019.4/4,26.3,9803.0,37304.67
정선군,2020,1,2020.1/4,26.77,9936.67,37100.0
정선군,2020,2,2020.2/4,27.2,10084.33,37035.67
정선군,2020,3,2020.3/4,27.6,10209.67,36987.67
정선군,2020,4,2020.4/4,27.9,10293.33,36919.0
정선군,2021,1,2021.1/4,28.23,10299.67,36515.33
정선군,2021,2,2021.2/4,28.37,10209.67,35977.67
정선군,2021,3,2021.3/4,28.7,10274.67,35819.0
정선군,2021,4,2021.4/4,29.1,10375.67,35657.67
정선군,2022,1,2022.1/4,29.67,10536.67,35535.67
정선군,2022,2,2022.2/4,30.13,10658.0,35372.33
정선군,2022,3,2022.3/4,30.5,10739.67,35188.0
정선군,2022,4,2022.4/4,30.9,10820.33,34970.33
정선군,2023,1,2023.1/4,31.47,10963.0,34825.33
정선군,2023,2,2023.2/4,32.0,11087.0,34661.33
정선군,2023,3,2023.3/4,32.37,11172.33,34527.33
정선군,2023,4,2023.4/4,32.8,11233.0,34267.0
정선군,2024,1,2024.1/4,33.3,11342.33,34061.0
정선군,2024,2,2024.2/4,33.77,11438.0,33879.0
정선군,2024,3,2024.3/4,34.2,11532.33,33713.0
정선군,2024,4,2024.4/4,34.73,11650.0,33569.0
정선군,2025,1,2025.1/4,35.27,11786.67,33425.33
정선군,2025,2,2025.2/4,35.93,11982.33,33358.33
정선군,2025,3,2025.3/4,36.4,12121.33,33285.33
정선군,2025,4,2025.4/4,36.23,12430.0,34315.0
정선군,2026,1,2026.1/4,36.27,12694.0,35012.0
철원군,2008,1,2008.1/4,14.73,7045.67,47850.67
철원군,2008,2,2008.2/4,14.87,7111.33,47859.33
철원군,2008,3,2008.3/4,15.07,7185.33,47736.67
철원군,2008,4,2008.4/4,15.27,7275.33,47715.33
철원군,2009,1,2009.1/4,15.4,7351.0,47628.0
철원군,2009,2,2009.2/4,15.6,7441.33,47730.33
철원군,2009,3,2009.3/4,15.73,7495.67,47682.33
철원군,2009,4,2009.4/4,15.87,7568.67,47679.33
철원군,2010,1,2010.1/4,16.07,7655.0,47660.0
철원군,2010,2,2010.2/4,16.27,7737.0,47606.0
철원군,2010,3,2010.3/4,16.27,7826.67,48087.67
철원군,2010,4,2010.4/4,16.27,7956.33,48881.0
철원군,2011,1,2011.1/4,16.43,8000.33,48694.0
철원군,2011,2,2011.2/4,16.6,8040.67,48468.33
철원군,2011,3,2011.3/4,16.73,8075.67,48314.33
철원군,2011,4,2011.4/4,16.87,8128.33,48132.33
철원군,2012,1,2012.1/4,17.1,8230.67,48080.0
철원군,2012,2,2012.2/4,17.3,8308.67,48029.0
철원군,2012,3,2012.3/4,17.47,8374.67,47973.33
철원군,2012,4,2012.4/4,17.63,8453.33,47961.67
철원군,2013,1,2013.1/4,17.87,8535.33,47829.0
철원군,2013,2,2013.2/4,18.03,8601.33,47652.33
철원군,2013,3,2013.3/4,18.17,8627.33,47499.67
철원군,2013,4,2013.4/4,18.33,8690.33,47454.0
철원군,2014,1,2014.1/4,18.43,8751.33,47427.67
철원군,2014,2,2014.2/4,18.57,8806.0,47387.0
철원군,2014,3,2014.3/4,18.73,8861.0,47295.33
철원군,2014,4,2014.4/4,18.77,8894.0,47357.67
철원군,2015,1,2015.1/4,18.73,8916.33,47578.33
철원군,2015,2,2015.2/4,18.53,8984.67,48478.67
철원군,2015,3,2015.3/4,18.43,9041.33,49141.0
철원군,2015,4,2015.4/4,18.5,9054.33,48934.67
철원군,2016,1,2016.1/4,18.67,9069.33,48563.67
철원군,2016,2,2016.2/4,18.83,9081.33,48253.67
철원군,2016,3,2016.3/4,18.87,9079.33,48086.67
철원군,2016,4,2016.4/4,18.93,9092.33,48081.67
철원군,2017,1,2017.1/4,19.1,9140.33,47810.0
철원군,2017,2,2017.2/4,19.3,9198.33,47644.33
철원군,2017,3,2017.3/4,19.5,9251.67,47407.67
철원군,2017,4,2017.4/4,19.6,9268.33,47263.33
철원군,2018,1,2018.1/4,19.77,9281.33,46937.33
철원군,2018,2,2018.2/4,19.93,9332.0,46861.33
철원군,2018,3,2018.3/4,20.13,9395.0,46670.33
철원군,2018,4,2018.4/4,20.33,9449.0,46491.33
철원군,2019,1,2019.1/4,20.67,9518.0,46070.33
철원군,2019,2,2019.2/4,21.0,9600.67,45748.33
철원군,2019,3,2019.3/4,21.3,9715.33,45590.0
철원군,2019,4,2019.4/4,21.53,9806.0,45598.33
철원군,2020,1,2020.1/4,21.83,9903.0,45340.0
철원군,2020,2,2020.2/4,22.23,10017.0,45054.67
철원군,2020,3,2020.3/4,22.5,10089.33,44852.0
철원군,2020,4,2020.4/4,22.73,10158.33,44718.0
철원군,2021,1,2021.1/4,23.07,10232.33,44371.33
철원군,2021,2,2021.2/4,23.3,10251.0,44037.33
철원군,2021,3,2021.3/4,23.5,10264.0,43700.67
철원군,2021,4,2021.4/4,23.77,10307.67,43408.33
철원군,2022,1,2022.1/4,24.1,10381.67,43058.0
철원군,2022,2,2022.2/4,24.37,10436.67,42844.67
철원군,2022,3,2022.3/4,24.73,10544.67,42630.0
철원군,2022,4,2022.4/4,25.1,10638.67,42383.33
철원군,2023,1,2023.1/4,25.53,10743.0,42077.33
철원군,2023,2,2023.2/4,25.9,10830.67,41813.33
철원군,2023,3,2023.3/4,26.3,10927.67,41568.67
철원군,2023,4,2023.4/4,26.7,11064.0,41470.67
철원군,2024,1,2024.1/4,27.13,11173.67,41203.0
철원군,2024,2,2024.2/4,27.5,11268.33,40984.67
철원군,2024,3,2024.3/4,27.87,11346.67,40707.33
철원군,2024,4,2024.4/4,28.23,11445.33,40549.67
철원군,2025,1,2025.1/4,28.73,11577.67,40274.67
철원군,2025,2,2025.2/4,29.2,11695.67,40062.67
철원군,2025,3,2025.3/4,29.5,11796.33,40010.33
철원군,2025,4,2025.4/4,29.73,11895.67,39991.33
철원군,2026,1,2026.1/4,30.23,12048.0,39857.67
춘천시,2008,1,2008.1/4,12.07,31250.67,258967.33
춘천시,2008,2,2008.2/4,12.17,31639.0,259952.0
춘천시,2008,3,2008.3/4,12.23,31974.67,261050.0
춘천시,2008,4,2008.4/4,12.33,32302.33,261979.67
춘천시,2009,1,2009.1/4,12.43,32617.0,262443.67
춘천시,2009,2,2009.2/4,12.53,32971.67,262830.0
춘천시,2009,3,2009.3/4,12.6,33235.0,263731.67
춘천시,2009,4,2009.4/4,12.67,33581.67,264704.67
춘천시,2010,1,2010.1/4,12.8,33957.33,265530.33
춘천시,2010,2,2010.2/4,12.9,34353.67,266304.67
춘천시,2010,3,2010.3/4,13.0,34664.33,267152.67
춘천시,2010,4,2010.4/4,13.1,35299.33,269819.33
춘천시,2011,1,2011.1/4,13.17,35632.33,270428.0
춘천시,2011,2,2011.2/4,13.27,35933.67,270909.0
춘천시,2011,3,2011.3/4,13.33,36258.33,271629.0
춘천시,2011,4,2011.4/4,13.43,36648.67,272509.33
춘천시,2012,1,2012.1/4,13.6,37141.0,272979.33
춘천시,2012,2,2012.2/4,13.73,37525.67,273088.67
춘천시,2012,3,2012.3/4,13.83,37819.67,273364.33
춘천시,2012,4,2012.4/4,13.97,38169.67,273356.0
춘천시,2013,1,2013.1/4,14.07,38496.33,273718.0
춘천시,2013,2,2013.2/4,14.17,38785.33,273877.67
춘천시,2013,3,2013.3/4,14.23,39042.33,274170.33
춘천시,2013,4,2013.4/4,14.33,39365.0,274429.67
춘천시,2014,1,2014.1/4,14.43,39635.67,274569.0
춘천시,2014,2,2014.2/4,14.5,39815.33,275017.0
춘천시,2014,3,2014.3/4,14.53,40128.67,275821.0
춘천시,2014,4,2014.4/4,14.6,40337.33,276021.67
춘천시,2015,1,2015.1/4,14.7,40523.33,276494.33
춘천시,2015,2,2015.2/4,14.7,40593.67,276729.67
춘천시,2015,3,2015.3/4,14.7,40751.67,277037.67
춘천시,2015,4,2015.4/4,14.77,40989.0,277572.33
춘천시,2016,1,2016.1/4,14.8,41269.0,278562.0
춘천시,2016,2,2016.2/4,14.8,41343.0,278842.0
춘천시,2016,3,2016.3/4,14.87,41488.33,279364.67
춘천시,2016,4,2016.4/4,14.87,41623.0,280196.33
춘천시,2017,1,2017.1/4,14.97,42001.33,280546.33
춘천시,2017,2,2017.2/4,15.27,42764.33,279988.0
춘천시,2017,3,2017.3/4,15.53,43440.67,280036.0
춘천시,2017,4,2017.4/4,15.63,43821.67,280226.67
춘천시,2018,1,2018.1/4,15.73,44173.0,280968.0
춘천시,2018,2,2018.2/4,15.87,44546.67,280577.67
춘천시,2018,3,2018.3/4,16.03,44948.0,280707.67
춘천시,2018,4,2018.4/4,16.17,45382.67,280627.0
춘천시,2019,1,2019.1/4,16.37,45894.33,280384.33
춘천시,2019,2,2019.2/4,16.53,46343.33,280093.67
춘천시,2019,3,2019.3/4,16.73,46870.67,280329.0
춘천시,2019,4,2019.4/4,16.9,47478.33,280963.0
춘천시,2020,1,2020.1/4,17.1,48219.0,281638.33
춘천시,2020,2,2020.2/4,17.4,48991.33,281443.67
춘천시,2020,3,2020.3/4,17.6,49567.33,281794.0
춘천시,2020,4,2020.4/4,17.8,50320.67,282543.0
춘천시,2021,1,2021.1/4,18.03,50958.0,282720.67
춘천시,2021,2,2021.2/4,18.2,51424.0,282439.67
춘천시,2021,3,2021.3/4,18.37,52005.67,282872.67
춘천시,2021,4,2021.4/4,18.57,52740.0,284172.67
춘천시,2022,1,2022.1/4,18.8,53576.67,285169.0
춘천시,2022,2,2022.2/4,18.97,54180.0,285740.0
춘천시,2022,3,2022.3/4,19.2,54899.33,286257.67
춘천시,2022,4,2022.4/4,19.4,55613.33,286555.0
춘천시,2023,1,2023.1/4,19.7,56413.67,286770.67
춘천시,2023,2,2023.2/4,19.93,57097.33,286845.0
춘천시,2023,3,2023.3/4,20.1,57765.33,286899.33
춘천시,2023,4,2023.4/4,20.4,58412.0,286543.0
춘천시,2024,1,2024.1/4,20.67,59172.33,286383.0
춘천시,2024,2,2024.2/4,20.9,59833.67,286639.33
춘천시,2024,3,2024.3/4,21.1,60388.33,286227.0
춘천시,2024,4,2024.4/4,21.37,61083.0,286055.0
춘천시,2025,1,2025.1/4,21.67,61891.33,285881.33
춘천시,2025,2,2025.2/4,21.93,62638.67,285468.33
춘천시,2025,3,2025.3/4,22.2,63349.0,285191.33
춘천시,2025,4,2025.4/4,22.5,64087.33,285213.67
춘천시,2026,1,2026.1/4,22.83,65041.0,284886.67
태백시,2008,1,2008.1/4,12.47,6414.67,51504.67
태백시,2008,2,2008.2/4,12.63,6513.0,51515.33
태백시,2008,3,2008.3/4,12.77,6564.0,51350.67
태백시,2008,4,2008.4/4,12.97,6619.67,51112.0
태백시,2009,1,2009.1/4,13.17,6694.33,50881.33
태백시,2009,2,2009.2/4,13.3,6765.0,50797.33
태백시,2009,3,2009.3/4,13.43,6801.0,50653.33
태백시,2009,4,2009.4/4,13.6,6861.33,50488.33
태백시,2010,1,2010.1/4,13.83,6969.67,50337.33
태백시,2010,2,2010.2/4,14.1,7115.33,50449.33
태백시,2010,3,2010.3/4,14.27,7161.33,50149.0
태백시,2010,4,2010.4/4,14.77,7528.0,50957.67
태백시,2011,1,2011.1/4,14.97,7583.0,50694.33
태백시,2011,2,2011.2/4,15.03,7619.67,50665.33
태백시,2011,3,2011.3/4,15.2,7666.67,50481.67
태백시,2011,4,2011.4/4,15.33,7701.0,50249.0
태백시,2012,1,2012.1/4,15.47,7743.0,50021.67
태백시,2012,2,2012.2/4,15.63,7809.0,50067.0
태백시,2012,3,2012.3/4,15.8,7892.33,49879.67
태백시,2012,4,2012.4/4,16.1,7985.0,49619.33
태백시,2013,1,2013.1/4,16.4,8074.67,49286.0
태백시,2013,2,2013.2/4,16.57,8146.0,49173.33
태백시,2013,3,2013.3/4,16.8,8233.67,49073.33
태백시,2013,4,2013.4/4,17.1,8346.67,48867.0
태백시,2014,1,2014.1/4,17.33,8438.0,48716.67
태백시,2014,2,2014.2/4,17.5,8531.67,48811.67
태백시,2014,3,2014.3/4,17.77,8617.0,48553.33
태백시,2014,4,2014.4/4,18.0,8687.67,48345.0
태백시,2015,1,2015.1/4,18.3,8796.33,48075.67
태백시,2015,2,2015.2/4,18.5,8883.0,48052.67
태백시,2015,3,2015.3/4,18.67,8938.33,47807.0
태백시,2015,4,2015.4/4,18.9,8988.33,47611.33
태백시,2016,1,2016.1/4,19.13,9062.33,47371.0
태백시,2016,2,2016.2/4,19.27,9123.67,47393.33
태백시,2016,3,2016.3/4,19.43,9176.0,47220.0
태백시,2016,4,2016.4/4,19.63,9238.0,47126.67
태백시,2017,1,2017.1/4,19.97,9322.33,46678.67
태백시,2017,2,2017.2/4,20.37,9442.33,46379.33
태백시,2017,3,2017.3/4,20.67,9537.67,46169.0
태백시,2017,4,2017.4/4,20.9,9610.33,45986.67
태백시,2018,1,2018.1/4,21.27,9697.0,45619.0
태백시,2018,2,2018.2/4,21.43,9763.33,45463.0
태백시,2018,3,2018.3/4,21.77,9832.33,45196.33
태백시,2018,4,2018.4/4,22.07,9907.0,44928.33
태백시,2019,1,2019.1/4,22.4,9971.67,44589.67
태백시,2019,2,2019.2/4,22.7,10070.67,44376.0
태백시,2019,3,2019.3/4,23.1,10189.0,44159.33
태백시,2019,4,2019.4/4,23.4,10289.67,43957.67
태백시,2020,1,2020.1/4,23.9,10406.33,43539.33
태백시,2020,2,2020.2/4,24.4,10549.67,43236.0
태백시,2020,3,2020.3/4,24.77,10655.33,43005.0
태백시,2020,4,2020.4/4,25.1,10736.67,42806.67
태백시,2021,1,2021.1/4,25.57,10845.0,42405.33
태백시,2021,2,2021.2/4,25.77,10775.0,41773.33
태백시,2021,3,2021.3/4,25.97,10719.67,41260.33
태백시,2021,4,2021.4/4,26.3,10790.67,40960.33
태백시,2022,1,2022.1/4,26.9,10895.33,40532.0
태백시,2022,2,2022.2/4,27.3,10956.0,40171.33
태백시,2022,3,2022.3/4,27.57,10975.0,39868.67
태백시,2022,4,2022.4/4,27.7,10945.0,39494.67
태백시,2023,1,2023.1/4,28.13,11017.33,39155.67
태백시,2023,2,2023.2/4,28.53,11110.33,38951.0
태백시,2023,3,2023.3/4,28.8,11171.0,38780.33
태백시,2023,4,2023.4/4,29.07,11251.67,38710.0
태백시,2024,1,2024.1/4,29.6,11380.67,38477.67
태백시,2024,2,2024.2/4,30.07,11494.0,38213.0
태백시,2024,3,2024.3/4,30.4,11591.67,38111.33
태백시,2024,4,2024.4/4,30.9,11737.67,37992.0
태백시,2025,1,2025.1/4,31.33,11838.67,37774.67
태백시,2025,2,2025.2/4,31.73,11933.0,37594.0
태백시,2025,3,2025.3/4,32.1,12013.67,37437.0
태백시,2025,4,2025.4/4,32.57,12106.33,37180.67
태백시,2026,1,2026.1/4,33.07,12210.67,36905.67
평창군,2008,1,2008.1/4,17.83,7818.0,43825.33
평창군,2008,2,2008.2/4,18.0,7878.67,43810.0
평창군,2008,3,2008.3/4,18.03,7906.0,43825.67
평창군,2008,4,2008.4/4,18.13,7942.0,43736.67
평창군,2009,1,2009.1/4,18.4,8006.0,43542.0
평창군,2009,2,2009.2/4,18.67,8105.67,43403.0
평창군,2009,3,2009.3/4,18.77,8143.33,43415.67
평창군,2009,4,2009.4/4,18.77,8167.0,43514.0
평창군,2010,1,2010.1/4,18.9,8221.33,43451.67
평창군,2010,2,2010.2/4,19.13,8298.33,43400.0
평창군,2010,3,2010.3/4,19.3,8350.67,43299.0
평창군,2010,4,2010.4/4,19.4,8474.67,43641.67
평창군,2011,1,2011.1/4,19.57,8483.0,43427.0
평창군,2011,2,2011.2/4,19.67,8512.0,43321.67
평창군,2011,3,2011.3/4,19.73,8568.33,43402.0
평창군,2011,4,2011.4/4,19.87,8653.0,43543.0
평창군,2012,1,2012.1/4,20.1,8733.0,43484.67
평창군,2012,2,2012.2/4,20.27,8823.67,43492.0
평창군,2012,3,2012.3/4,20.43,8892.67,43534.67
평창군,2012,4,2012.4/4,20.57,8974.0,43612.33
평창군,2013,1,2013.1/4,20.8,9063.0,43572.33
평창군,2013,2,2013.2/4,21.07,9167.0,43519.33
평창군,2013,3,2013.3/4,21.2,9250.33,43656.0
평창군,2013,4,2013.4/4,21.3,9301.67,43676.33
평창군,2014,1,2014.1/4,21.47,9373.67,43690.33
평창군,2014,2,2014.2/4,21.67,9472.0,43741.33
평창군,2014,3,2014.3/4,21.8,9538.67,43772.33
평창군,2014,4,2014.4/4,21.8,9533.0,43691.67
평창군,2015,1,2015.1/4,21.9,9550.33,43608.33
평창군,2015,2,2015.2/4,21.97,9589.33,43597.67
평창군,2015,3,2015.3/4,22.1,9644.33,43617.33
평창군,2015,4,2015.4/4,22.23,9678.67,43535.33
평창군,2016,1,2016.1/4,22.5,9747.0,43346.67
평창군,2016,2,2016.2/4,22.63,9793.0,43260.0
평창군,2016,3,2016.3/4,22.7,9821.67,43320.33
평창군,2016,4,2016.4/4,22.7,9829.0,43309.0
평창군,2017,1,2017.1/4,23.07,9964.67,43216.33
평창군,2017,2,2017.2/4,23.53,10149.0,43119.0
평창군,2017,3,2017.3/4,23.9,10291.67,43101.67
평창군,2017,4,2017.4/4,24.07,10371.0,43101.0
평창군,2018,1,2018.1/4,24.3,10435.33,42916.67
평창군,2018,2,2018.2/4,24.53,10512.67,42821.33
평창군,2018,3,2018.3/4,24.73,10584.0,42771.0
평창군,2018,4,2018.4/4,24.97,10643.0,42655.0
평창군,2019,1,2019.1/4,25.4,10811.0,42543.67
평창군,2019,2,2019.2/4,25.83,10957.0,42400.33
평창군,2019,3,2019.3/4,26.2,11076.33,42305.67
평창군,2019,4,2019.4/4,26.43,11160.33,42187.33
평창군,2020,1,2020.1/4,27.03,11340.67,41911.33
평창군,2020,2,2020.2/4,27.6,11531.33,41758.67
평창군,2020,3,2020.3/4,28.0,11685.33,41719.0
평창군,2020,4,2020.4/4,28.3,11791.67,41684.67
평창군,2021,1,2021.1/4,28.7,11899.67,41437.67
평창군,2021,2,2021.2/4,29.1,11976.0,41153.67
평창군,2021,3,2021.3/4,29.6,12131.33,41027.0
평창군,2021,4,2021.4/4,29.9,12261.67,41008.33
평창군,2022,1,2022.1/4,30.23,12435.0,41139.33
평창군,2022,2,2022.2/4,30.57,12576.33,41127.67
평창군,2022,3,2022.3/4,30.97,12721.33,41099.33
평창군,2022,4,2022.4/4,31.4,12853.0,40984.0
평창군,2023,1,2023.1/4,31.83,13004.67,40849.67
평창군,2023,2,2023.2/4,32.3,13148.0,40725.0
평창군,2023,3,2023.3/4,32.67,13298.0,40693.0
평창군,2023,4,2023.4/4,33.03,13435.33,40661.67
평창군,2024,1,2024.1/4,33.57,13618.67,40579.0
평창군,2024,2,2024.2/4,34.1,13810.0,40522.0
평창군,2024,3,2024.3/4,34.4,13926.0,40472.67
평창군,2024,4,2024.4/4,34.9,14090.0,40403.67
평창군,2025,1,2025.1/4,35.57,14305.33,40194.67
평창군,2025,2,2025.2/4,36.2,14485.33,40004.0
평창군,2025,3,2025.3/4,36.7,14638.67,39905.67
평창군,2025,4,2025.4/4,37.2,14818.33,39838.0
평창군,2026,1,2026.1/4,37.73,15054.33,39914.0
홍천군,2008,1,2008.1/4,17.4,12196.0,70070.33
홍천군,2008,2,2008.2/4,17.53,12308.33,70181.33
홍천군,2008,3,2008.3/4,17.63,12393.0,70222.67
홍천군,2008,4,2008.4/4,17.8,12505.67,70338.33
홍천군,2009,1,2009.1/4,17.87,12538.0,70172.33
홍천군,2009,2,2009.2/4,18.07,12646.33,70084.33
홍천군,2009,3,2009.3/4,18.17,12744.67,70070.33
홍천군,2009,4,2009.4/4,18.33,12807.67,69800.67
홍천군,2010,1,2010.1/4,18.57,12890.67,69404.33
홍천군,2010,2,2010.2/4,18.77,12968.0,69231.67
홍천군,2010,3,2010.3/4,18.87,13042.33,69176.67
홍천군,2010,4,2010.4/4,18.9,13191.33,69867.33
홍천군,2011,1,2011.1/4,18.97,13247.33,69799.0
홍천군,2011,2,2011.2/4,19.1,13332.0,69785.0
홍천군,2011,3,2011.3/4,19.2,13397.0,69832.0
홍천군,2011,4,2011.4/4,19.27,13487.33,69948.33
홍천군,2012,1,2012.1/4,19.47,13576.67,69646.0
홍천군,2012,2,2012.2/4,19.63,13671.0,69633.0
홍천군,2012,3,2012.3/4,19.73,13769.0,69735.67
홍천군,2012,4,2012.4/4,19.83,13832.67,69729.0
홍천군,2013,1,2013.1/4,19.97,13931.33,69814.0
홍천군,2013,2,2013.2/4,20.07,14028.0,69900.0
홍천군,2013,3,2013.3/4,20.1,14089.67,70096.0
홍천군,2013,4,2013.4/4,20.03,14142.67,70549.33
홍천군,2014,1,2014.1/4,20.1,14216.67,70670.33
홍천군,2014,2,2014.2/4,20.17,14248.67,70599.0
홍천군,2014,3,2014.3/4,20.27,14326.33,70586.67
홍천군,2014,4,2014.4/4,20.4,14397.33,70522.33
홍천군,2015,1,2015.1/4,20.53,14445.0,70330.67
홍천군,2015,2,2015.2/4,20.73,14582.0,70355.33
홍천군,2015,3,2015.3/4,20.8,14666.0,70411.67
홍천군,2015,4,2015.4/4,20.93,14716.33,70378.33
홍천군,2016,1,2016.1/4,21.07,14786.0,70133.67
홍천군,2016,2,2016.2/4,21.2,14827.0,70028.67
홍천군,2016,3,2016.3/4,21.2,14861.33,70021.67
홍천군,2016,4,2016.4/4,21.3,14900.67,70016.0
홍천군,2017,1,2017.1/4,21.43,15047.0,70086.67
홍천군,2017,2,2017.2/4,21.93,15437.33,70264.67
홍천군,2017,3,2017.3/4,22.3,15702.0,70334.67
홍천군,2017,4,2017.4/4,22.53,15848.33,70313.0
홍천군,2018,1,2018.1/4,22.83,16017.33,70139.33
홍천군,2018,2,2018.2/4,23.07,16170.0,70124.67
홍천군,2018,3,2018.3/4,23.2,16258.33,70075.67
홍천군,2018,4,2018.4/4,23.4,16364.33,69986.0
홍천군,2019,1,2019.1/4,23.73,16549.33,69730.67
홍천군,2019,2,2019.2/4,24.03,16732.33,69586.67
홍천군,2019,3,2019.3/4,24.4,16917.67,69343.33
홍천군,2019,4,2019.4/4,24.7,17106.0,69187.67
홍천군,2020,1,2020.1/4,25.27,17377.67,68759.33
홍천군,2020,2,2020.2/4,25.67,17677.67,68839.33
홍천군,2020,3,2020.3/4,25.8,17863.33,69187.67
홍천군,2020,4,2020.4/4,26.1,18059.0,69199.0
홍천군,2021,1,2021.1/4,26.53,18311.0,68978.0
홍천군,2021,2,2021.2/4,27.0,18520.33,68632.33
홍천군,2021,3,2021.3/4,27.4,18772.67,68504.67
홍천군,2021,4,2021.4/4,27.8,19022.0,68448.67
홍천군,2022,1,2022.1/4,28.33,19309.0,68158.33
홍천군,2022,2,2022.2/4,28.8,19580.33,67919.33
홍천군,2022,3,2022.3/4,29.3,19842.0,67770.33
홍천군,2022,4,2022.4/4,29.63,20096.0,67896.0
홍천군,2023,1,2023.1/4,30.07,20391.33,67832.0
홍천군,2023,2,2023.2/4,30.57,20681.0,67647.33
홍천군,2023,3,2023.3/4,31.0,20938.33,67544.0
홍천군,2023,4,2023.4/4,31.5,21203.0,67316.33
홍천군,2024,1,2024.1/4,31.97,21520.0,67305.33
홍천군,2024,2,2024.2/4,32.4,21791.33,67217.0
홍천군,2024,3,2024.3/4,32.87,22060.0,67124.67
홍천군,2024,4,2024.4/4,33.4,22326.67,66818.67
홍천군,2025,1,2025.1/4,34.0,22631.33,66558.0
홍천군,2025,2,2025.2/4,34.5,22916.67,66419.33
홍천군,2025,3,2025.3/4,34.93,23185.67,66353.0
홍천군,2025,4,2025.4/4,35.47,23461.33,66151.33
홍천군,2026,1,2026.1/4,36.13,23834.0,65969.0
화천군,2008,1,2008.1/4,17.5,3990.0,22801.33
화천군,2008,2,2008.2/4,17.27,4027.33,23329.67
화천군,2008,3,2008.3/4,16.97,4053.67,23882.0
화천군,2008,4,2008.4/4,17.2,4107.33,23880.33
화천군,2009,1,2009.1/4,17.33,4135.33,23856.33
화천군,2009,2,2009.2/4,17.3,4154.67,24019.0
화천군,2009,3,2009.3/4,17.43,4178.67,23979.67
화천군,2009,4,2009.4/4,17.53,4216.0,24023.33
화천군,2010,1,2010.1/4,17.8,4276.67,24009.33
화천군,2010,2,2010.2/4,18.07,4317.67,23930.67
화천군,2010,3,2010.3/4,18.03,4329.67,24005.0
화천군,2010,4,2010.4/4,18.1,4392.67,24236.33
화천군,2011,1,2011.1/4,18.23,4414.33,24239.0
화천군,2011,2,2011.2/4,18.2,4424.0,24303.67
화천군,2011,3,2011.3/4,18.3,4466.0,24442.67
화천군,2011,4,2011.4/4,18.17,4500.0,24805.67
화천군,2012,1,2012.1/4,18.17,4532.67,24927.33
화천군,2012,2,2012.2/4,18.27,4552.33,24942.67
화천군,2012,3,2012.3/4,18.37,4565.67,24883.0
화천군,2012,4,2012.4/4,18.37,4589.33,24983.33
화천군,2013,1,2013.1/4,18.47,4609.33,24991.0
화천군,2013,2,2013.2/4,18.57,4638.0,24980.33
화천군,2013,3,2013.3/4,18.63,4643.33,24930.67
화천군,2013,4,2013.4/4,18.73,4670.0,24924.33
화천군,2014,1,2014.1/4,18.8,4688.33,24942.0
화천군,2014,2,2014.2/4,18.87,4701.0,24922.33
화천군,2014,3,2014.3/4,19.07,4728.0,24837.67
화천군,2014,4,2014.4/4,18.5,4761.0,25809.33
화천군,2015,1,2015.1/4,17.9,4784.67,26733.0
화천군,2015,2,2015.2/4,17.97,4794.33,26698.0
화천군,2015,3,2015.3/4,17.67,4805.0,27199.0
화천군,2015,4,2015.4/4,17.8,4816.67,27067.0
화천군,2016,1,2016.1/4,18.03,4829.67,26783.67
화천군,2016,2,2016.2/4,18.1,4821.33,26638.33
화천군,2016,3,2016.3/4,18.2,4828.0,26551.67
화천군,2016,4,2016.4/4,18.27,4812.33,26348.67
화천군,2017,1,2017.1/4,18.43,4809.67,26113.33
화천군,2017,2,2017.2/4,18.43,4846.0,26284.33
화천군,2017,3,2017.3/4,18.73,4903.67,26170.67
화천군,2017,4,2017.4/4,18.93,4936.67,26055.33
화천군,2018,1,2018.1/4,19.27,4965.67,25763.33
화천군,2018,2,2018.2/4,19.53,4998.0,25573.33
화천군,2018,3,2018.3/4,19.87,5026.67,25302.0
화천군,2018,4,2018.4/4,20.13,5059.33,25139.33
화천군,2019,1,2019.1/4,20.4,5100.0,25016.67
화천군,2019,2,2019.2/4,20.63,5154.67,24955.33
화천군,2019,3,2019.3/4,21.13,5230.0,24760.33
화천군,2019,4,2019.4/4,21.27,5293.67,24849.67
화천군,2020,1,2020.1/4,21.77,5374.67,24708.33
화천군,2020,2,2020.2/4,22.1,5451.67,24667.0
화천군,2020,3,2020.3/4,22.27,5528.67,24803.33
화천군,2020,4,2020.4/4,22.5,5592.0,24874.0
화천군,2021,1,2021.1/4,22.83,5620.33,24630.0
화천군,2021,2,2021.2/4,23.03,5622.0,24417.0
화천군,2021,3,2021.3/4,23.2,5653.67,24341.33
화천군,2021,4,2021.4/4,23.6,5716.0,24228.0
화천군,2022,1,2022.1/4,24.0,5775.67,24081.67
화천군,2022,2,2022.2/4,24.2,5820.67,24013.33
화천군,2022,3,2022.3/4,24.63,5864.0,23800.33
화천군,2022,4,2022.4/4,25.13,5903.33,23509.33
화천군,2023,1,2023.1/4,25.53,5935.67,23232.33
화천군,2023,2,2023.2/4,25.87,5992.67,23165.67
화천군,2023,3,2023.3/4,26.17,6054.33,23122.33
화천군,2023,4,2023.4/4,26.57,6119.33,23046.0
화천군,2024,1,2024.1/4,26.97,6176.33,22877.0
화천군,2024,2,2024.2/4,27.17,6206.0,22852.33
화천군,2024,3,2024.3/4,27.2,6261.0,22990.33
화천군,2024,4,2024.4/4,27.63,6348.0,22959.0
화천군,2025,1,2025.1/4,28.33,6419.67,22661.67
화천군,2025,2,2025.2/4,28.7,6481.67,22569.0
화천군,2025,3,2025.3/4,29.03,6540.33,22538.67
화천군,2025,4,2025.4/4,29.53,6614.33,22393.0
화천군,2026,1,2026.1/4,30.23,6743.0,22304.0
횡성군,2008,1,2008.1/4,20.53,8833.33,43017.0
횡성군,2008,2,2008.2/4,20.67,8889.67,42987.0
횡성군,2008,3,2008.3/4,20.77,8946.0,43088.33
횡성군,2008,4,2008.4/4,20.8,9011.33,43348.0
횡성군,2009,1,2009.1/4,20.93,9060.67,43304.0
횡성군,2009,2,2009.2/4,21.0,9120.0,43447.67
횡성군,2009,3,2009.3/4,21.17,9193.33,43493.0
횡성군,2009,4,2009.4/4,21.2,9288.33,43815.33
횡성군,2010,1,2010.1/4,21.23,9340.0,44052.67
횡성군,2010,2,2010.2/4,21.27,9400.33,44201.67
횡성군,2010,3,2010.3/4,21.53,9486.67,44055.0
횡성군,2010,4,2010.4/4,21.67,9607.33,44306.0
횡성군,2011,1,2011.1/4,21.77,9613.33,44176.33
횡성군,2011,2,2011.2/4,21.87,9657.67,44202.0
횡성군,2011,3,2011.3/4,22.0,9737.0,44268.33
횡성군,2011,4,2011.4/4,22.17,9833.33,44350.0
횡성군,2012,1,2012.1/4,22.47,9949.0,44309.67
횡성군,2012,2,2012.2/4,22.6,10035.0,44381.67
횡성군,2012,3,2012.3/4,22.83,10146.67,44421.33
횡성군,2012,4,2012.4/4,23.0,10252.67,44597.0
횡성군,2013,1,2013.1/4,23.2,10355.67,44609.67
횡성군,2013,2,2013.2/4,23.4,10477.67,44710.67
횡성군,2013,3,2013.3/4,23.63,10568.67,44759.0
횡성군,2013,4,2013.4/4,23.63,10602.0,44871.67
횡성군,2014,1,2014.1/4,23.73,10657.67,44968.0
횡성군,2014,2,2014.2/4,23.67,10703.0,45262.0
횡성군,2014,3,2014.3/4,23.73,10766.0,45312.33
횡성군,2014,4,2014.4/4,23.87,10825.67,45399.67
횡성군,2015,1,2015.1/4,23.97,10886.33,45378.33
횡성군,2015,2,2015.2/4,24.0,10934.0,45529.33
횡성군,2015,3,2015.3/4,24.07,11002.33,45697.33
횡성군,2015,4,2015.4/4,24.13,11067.67,45796.0
횡성군,2016,1,2016.1/4,24.37,11146.0,45714.0
횡성군,2016,2,2016.2/4,24.43,11207.0,45898.33
횡성군,2016,3,2016.3/4,24.5,11268.0,45934.67
횡성군,2016,4,2016.4/4,24.6,11299.0,45969.0
횡성군,2017,1,2017.1/4,24.93,11465.67,46005.33
횡성군,2017,2,2017.2/4,25.5,11737.0,46053.0
횡성군,2017,3,2017.3/4,25.77,11894.0,46137.67
횡성군,2017,4,2017.4/4,25.93,11991.33,46262.0
횡성군,2018,1,2018.1/4,26.03,12068.67,46337.33
횡성군,2018,2,2018.2/4,26.23,12189.33,46466.33
횡성군,2018,3,2018.3/4,26.33,12297.33,46672.33
횡성군,2018,4,2018.4/4,26.5,12404.67,46776.0
횡성군,2019,1,2019.1/4,26.87,12536.67,46651.67
횡성군,2019,2,2019.2/4,27.1,12678.33,46761.0
횡성군,2019,3,2019.3/4,27.4,12814.33,46738.67
횡성군,2019,4,2019.4/4,27.73,12945.67,46651.67
횡성군,2020,1,2020.1/4,28.27,13098.0,46352.0
횡성군,2020,2,2020.2/4,28.67,13280.67,46316.67
횡성군,2020,3,2020.3/4,28.97,13444.0,46431.0
횡성군,2020,4,2020.4/4,29.33,13638.0,46506.33
횡성군,2021,1,2021.1/4,29.83,13836.67,46429.0
횡성군,2021,2,2021.2/4,30.17,14052.67,46571.0
횡성군,2021,3,2021.3/4,30.53,14244.33,46617.67
횡성군,2021,4,2021.4/4,30.93,14404.67,46550.0
횡성군,2022,1,2022.1/4,31.5,14617.67,46432.0
횡성군,2022,2,2022.2/4,31.7,14768.67,46567.0
횡성군,2022,3,2022.3/4,32.07,14931.67,46534.0
횡성군,2022,4,2022.4/4,32.5,15128.0,46515.33
횡성군,2023,1,2023.1/4,33.1,15405.33,46563.67
횡성군,2023,2,2023.2/4,33.6,15666.33,46620.0
횡성군,2023,3,2023.3/4,34.0,15812.0,46502.33
횡성군,2023,4,2023.4/4,34.43,15984.0,46399.0
횡성군,2024,1,2024.1/4,35.03,16202.67,46240.33
횡성군,2024,2,2024.2/4,35.47,16448.33,46347.33
횡성군,2024,3,2024.3/4,35.97,16629.33,46266.33
횡성군,2024,4,2024.4/4,36.5,16842.33,46168.33
횡성군,2025,1,2025.1/4,37.2,17123.33,46003.0
횡성군,2025,2,2025.2/4,37.8,17367.67,45947.33
횡성군,2025,3,2025.3/4,38.27,17528.0,45803.67
횡성군,2025,4,2025.4/4,38.87,17767.0,45690.0
횡성군,2026,1,2026.1/4,39.57,18040.67,45582.33
